customer_id,tenure,balance,transaction_frequency,complaints,service_usage,churn
CUST-0001,51,4034.72,12,0,0.32,0
CUST-0002,14,1048.44,5,1,0.27,1
CUST-0003,71,1604.69,5,1,0.13,1
CUST-0004,60,585.76,14,1,0.4,0
CUST-0005,20,436.59,6,0,0.21,0
CUST-0006,23,1408.45,13,0,0.03,0
CUST-0007,2,1807.98,14,0,0.42,0
CUST-0008,21,828.82,7,0,0.21,0
CUST-0009,52,1685.35,11,1,0.26,1
CUST-0010,1,4368.9,11,0,0.4,1
CUST-0011,29,1627.11,9,0,0.47,0
CUST-0012,37,2551.75,10,0,0.27,0
CUST-0013,1,3272.74,10,0,0.35,1
CUST-0014,63,8971.01,6,1,0.09,1
CUST-0015,59,1848.63,11,2,0.14,0
CUST-0016,20,3288.58,7,0,0.11,0
CUST-0017,32,6574.81,12,1,0.55,1
CUST-0018,57,5779.49,6,0,0.29,0
CUST-0019,21,304.16,6,1,0.08,1
CUST-0020,48,1043.07,9,0,0.78,0
CUST-0021,58,783.1,14,0,0.35,0
CUST-0022,41,181.87,12,0,0.27,0
CUST-0023,59,2006.1,7,1,0.26,0
CUST-0024,14,2662.89,11,0,0.14,0
CUST-0025,61,3769.44,11,0,0.19,0
CUST-0026,61,261.99,12,0,0.22,0
CUST-0027,46,4182.12,13,1,0.36,0
CUST-0028,61,2059.62,9,0,0.46,0
CUST-0029,50,2434.43,12,2,0.55,0
CUST-0030,54,4829.81,9,1,0.39,1
CUST-0031,63,1960.39,12,0,0.09,0
CUST-0032,2,818.54,6,0,0.42,0
CUST-0033,50,3487.17,10,1,0.04,1
CUST-0034,6,902.16,12,0,0.13,0
CUST-0035,20,69.66,17,0,0.26,0
CUST-0036,38,3551.63,6,0,0.2,0
CUST-0037,17,846.83,11,0,0.2,0
CUST-0038,3,2972.98,13,1,0.34,1
CUST-0039,59,901.21,14,1,0.51,1
CUST-0040,13,3947.54,9,0,0.11,0
CUST-0041,8,495.67,10,0,0.2,0
CUST-0042,52,7341.86,16,0,0.29,0
CUST-0043,1,3026.06,11,0,0.28,0
CUST-0044,59,242.61,13,1,0.29,1
CUST-0045,70,1668.39,3,0,0.09,0
CUST-0046,43,8448.99,6,0,0.01,0
CUST-0047,7,1273.78,15,3,0.39,1
CUST-0048,46,402.05,3,0,0.31,0
CUST-0049,34,1326.32,8,1,0.18,1
CUST-0050,35,1436.76,9,1,0.41,1
CUST-0051,49,2707.17,14,0,0.41,0
CUST-0052,3,2400.27,11,2,0.09,1
CUST-0053,1,1030.17,8,1,0.24,1
CUST-0054,5,491.86,5,0,0.45,0
CUST-0055,53,2071.58,12,0,0.32,0
CUST-0056,3,1095.34,6,0,0.14,0
CUST-0057,53,283.76,9,3,0.57,1
CUST-0058,62,4616.65,13,1,0.29,1
CUST-0059,17,2350.26,6,1,0.21,1
CUST-0060,43,2298.87,7,0,0.54,0
CUST-0061,33,3458.51,19,1,0.47,1
CUST-0062,61,1508.61,9,0,0.33,0
CUST-0063,13,3375.39,12,0,0.18,0
CUST-0064,47,1378.67,9,0,0.34,0
CUST-0065,14,139.08,13,0,0.11,0
CUST-0066,71,1039.22,11,0,0.33,0
CUST-0067,61,1376.18,14,0,0.14,0
CUST-0068,39,2547.38,6,0,0.29,0
CUST-0069,52,225.39,7,1,0.44,1
CUST-0070,23,301.69,14,2,0.51,1
CUST-0071,25,612.19,12,3,0.33,1
CUST-0072,59,619.85,13,0,0.35,0
CUST-0073,40,2634.91,13,1,0.42,1
CUST-0074,28,577.31,8,1,0.35,1
CUST-0075,14,2005.32,10,2,0.44,1
CUST-0076,44,1363.52,13,0,0.44,0
CUST-0077,64,1703.32,6,0,0.14,0
CUST-0078,70,3641.64,6,1,0.15,1
CUST-0079,8,1036.31,17,1,0.08,1
CUST-0080,0,2947.29,12,0,0.22,0
CUST-0081,7,1096.49,10,0,0.52,0
CUST-0082,62,873.51,8,0,0.35,0
CUST-0083,10,6370.26,9,4,0.41,1
CUST-0084,7,407.59,9,0,0.12,0
CUST-0085,34,189.36,9,2,0.41,1
CUST-0086,34,2947.94,9,0,0.19,0
CUST-0087,32,141.38,7,0,0.42,0
CUST-0088,4,3628.98,9,1,0.14,1
CUST-0089,40,1149.64,8,0,0.11,0
CUST-0090,27,4942.33,11,0,0.46,0
CUST-0091,6,2556.91,15,0,0.4,0
CUST-0092,71,1885.29,9,1,0.08,1
CUST-0093,11,5963.93,6,1,0.2,1
CUST-0094,33,1010.51,9,1,0.06,1
CUST-0095,32,6162.01,6,1,0.34,1
CUST-0096,47,290.05,11,2,0.21,1
CUST-0097,22,1322.35,9,0,0.22,0
CUST-0098,61,629.18,13,0,0.44,0
CUST-0099,36,1552.37,14,0,0.06,0
CUST-0100,43,353.51,12,0,0.06,0
CUST-0101,34,3684.38,6,0,0.35,0
CUST-0102,64,3746.91,6,0,0.03,0
CUST-0103,46,6212.72,5,0,0.1,0
CUST-0104,2,336.06,13,0,0.31,0
CUST-0105,0,1952.79,8,0,0.06,0
CUST-0106,4,1285.81,15,0,0.3,0
CUST-0107,13,844.36,15,0,0.4,0
CUST-0108,26,866.31,8,0,0.33,0
CUST-0109,8,1064.76,10,0,0.19,0
CUST-0110,14,2441.06,5,1,0.16,1
CUST-0111,41,1824.03,12,0,0.4,0
CUST-0112,50,1231.19,7,0,0.24,0
CUST-0113,62,157.94,9,3,0.2,0
CUST-0114,51,161.91,12,0,0.32,0
CUST-0115,3,4.68,14,0,0.21,0
CUST-0116,22,6865.34,5,0,0.05,0
CUST-0117,14,10.54,6,2,0.53,1
CUST-0118,42,217.61,4,0,0.51,0
CUST-0119,28,755.5,14,1,0.61,1
CUST-0120,35,3294.59,9,0,0.19,0
CUST-0121,12,6545.54,13,0,0.64,0
CUST-0122,31,3121.42,7,0,0.38,0
CUST-0123,70,2345.98,11,0,0.1,0
CUST-0124,58,1473.37,9,1,0.46,0
CUST-0125,27,181.39,7,0,0.66,0
CUST-0126,65,6348.32,6,0,0.54,0
CUST-0127,41,2840.88,13,0,0.36,0
CUST-0128,44,2037.47,6,2,0.21,1
CUST-0129,61,2846.21,11,2,0.49,0
CUST-0130,56,2575.46,10,1,0.05,1
CUST-0131,5,2027.98,9,0,0.15,1
CUST-0132,27,7882.57,6,0,0.11,0
CUST-0133,27,4673.6,8,1,0.22,1
CUST-0134,43,2080.68,11,0,0.37,0
CUST-0135,29,2362.96,13,2,0.25,1
CUST-0136,61,105.95,7,0,0.11,0
CUST-0137,61,2216.83,11,1,0.07,0
CUST-0138,0,90.34,8,1,0.27,1
CUST-0139,26,1774.74,10,0,0.32,0
CUST-0140,61,14687.87,8,1,0.18,1
CUST-0141,2,1622.99,8,2,0.39,1
CUST-0142,69,1281.91,11,1,0.08,1
CUST-0143,71,750.42,7,0,0.63,0
CUST-0144,26,256.85,10,0,0.57,0
CUST-0145,8,2626.26,10,1,0.24,1
CUST-0146,61,427.87,14,0,0.36,0
CUST-0147,36,244.97,17,0,0.29,0
CUST-0148,50,1095.54,12,2,0.29,1
CUST-0149,43,3172.83,15,1,0.18,1
CUST-0150,23,2733.49,6,0,0.11,0
CUST-0151,58,112.89,6,1,0.29,0
CUST-0152,31,1214.47,17,1,0.13,1
CUST-0153,51,1478.11,13,0,0.29,0
CUST-0154,61,2068.72,12,1,0.32,0
CUST-0155,57,2100.6,7,2,0.31,0
CUST-0156,51,907.31,19,0,0.16,0
CUST-0157,11,1645.04,8,0,0.43,0
CUST-0158,38,1311.94,9,0,0.36,0
CUST-0159,1,4325.62,7,0,0.19,0
CUST-0160,2,1511.17,9,0,0.17,0
CUST-0161,55,1163.33,11,0,0.52,0
CUST-0162,58,1036.66,9,0,0.26,0
CUST-0163,1,1699.26,11,2,0.26,1
CUST-0164,1,3259.05,14,0,0.03,0
CUST-0165,53,1546.12,8,1,0.42,0
CUST-0166,0,2167.38,9,2,0.57,1
CUST-0167,18,2677.72,9,1,0.24,1
CUST-0168,1,1468.64,8,2,0.05,1
CUST-0169,52,1113.1,8,0,0.2,0
CUST-0170,43,4185.71,10,0,0.33,0
CUST-0171,31,1080.87,11,1,0.34,1
CUST-0172,69,1239.58,12,1,0.29,0
CUST-0173,31,9279.8,6,0,0.11,0
CUST-0174,67,0.48,12,0,0.43,0
CUST-0175,54,410.3,12,1,0.19,1
CUST-0176,55,968.9,14,0,0.07,0
CUST-0177,16,5393.92,14,0,0.32,0
CUST-0178,37,145.21,12,0,0.14,0
CUST-0179,23,19.06,11,0,0.16,0
CUST-0180,68,108.24,15,1,0.13,1
CUST-0181,69,185.42,8,0,0.13,0
CUST-0182,10,76.64,9,2,0.21,1
CUST-0183,15,1307.01,11,0,0.18,0
CUST-0184,58,1738.61,6,3,0.09,1
CUST-0185,69,634.05,6,0,0.1,0
CUST-0186,2,1015.95,11,1,0.36,1
CUST-0187,19,192.36,10,0,0.17,0
CUST-0188,58,820.06,12,1,0.46,0
CUST-0189,35,1478.46,9,0,0.18,0
CUST-0190,18,2635.57,9,1,0.23,1
CUST-0191,66,6.7,13,0,0.13,0
CUST-0192,18,1259.63,10,1,0.06,1
CUST-0193,19,704.8,4,0,0.13,1
CUST-0194,70,3832.22,14,1,0.34,0
CUST-0195,51,2514.42,14,0,0.06,0
CUST-0196,32,1778.85,7,2,0.24,1
CUST-0197,39,649.43,9,1,0.32,1
CUST-0198,38,4823.44,13,1,0.55,1
CUST-0199,0,92.3,15,1,0.24,1
CUST-0200,10,231.87,9,1,0.13,1
CUST-0201,56,993.94,9,0,0.42,0
CUST-0202,49,265.78,10,1,0.26,1
CUST-0203,22,6266.12,11,1,0.16,1
CUST-0204,30,3198.87,8,0,0.15,0
CUST-0205,41,599.46,9,2,0.43,0
CUST-0206,6,1776.16,9,2,0.31,1
CUST-0207,15,8071.83,11,2,0.14,1
CUST-0208,59,4311.76,14,1,0.46,1
CUST-0209,1,1836.58,14,0,0.12,0
CUST-0210,0,4681.07,11,0,0.59,0
CUST-0211,47,9053.63,10,0,0.33,0
CUST-0212,11,2720.11,5,2,0.52,1
CUST-0213,68,134.39,16,1,0.08,1
CUST-0214,36,1026.93,9,0,0.38,0
CUST-0215,31,3638.17,6,1,0.45,1
CUST-0216,8,524.21,6,0,0.48,0
CUST-0217,18,3551.49,9,0,0.08,0
CUST-0218,47,256.44,10,0,0.55,0
CUST-0219,2,96.17,5,0,0.56,0
CUST-0220,19,969.31,6,0,0.35,0
CUST-0221,23,74.85,10,0,0.48,0
CUST-0222,53,6305.72,9,0,0.42,0
CUST-0223,32,3499.77,12,0,0.02,1
CUST-0224,23,3226.59,10,0,0.37,0
CUST-0225,71,1987.3,10,0,0.23,0
CUST-0226,35,487.52,7,2,0.21,1
CUST-0227,37,1460.7,12,0,0.43,0
CUST-0228,24,1819.0,8,0,0.21,0
CUST-0229,17,1489.01,10,0,0.36,0
CUST-0230,65,602.84,6,0,0.18,0
CUST-0231,53,1448.24,11,0,0.24,0
CUST-0232,34,1351.35,10,0,0.27,0
CUST-0233,60,11218.28,12,1,0.07,1
CUST-0234,40,4554.54,10,0,0.26,0
CUST-0235,32,1244.93,10,1,0.34,1
CUST-0236,67,1950.69,13,0,0.38,0
CUST-0237,32,2755.63,8,0,0.19,1
CUST-0238,13,70.97,10,0,0.34,0
CUST-0239,20,4506.09,9,1,0.14,1
CUST-0240,47,3934.04,15,0,0.1,0
CUST-0241,19,1222.88,10,0,0.24,0
CUST-0242,7,992.43,11,0,0.26,0
CUST-0243,6,637.55,13,2,0.33,1
CUST-0244,66,1295.11,8,0,0.15,0
CUST-0245,16,90.78,8,0,0.22,0
CUST-0246,32,3823.7,7,1,0.04,1
CUST-0247,47,72.13,10,0,0.22,0
CUST-0248,58,798.13,11,0,0.69,0
CUST-0249,21,5364.46,8,0,0.1,0
CUST-0250,29,2657.66,10,0,0.5,0
CUST-0251,37,660.88,8,0,0.25,0
CUST-0252,50,582.44,4,0,0.28,0
CUST-0253,53,10.19,12,0,0.1,0
CUST-0254,7,2379.58,9,0,0.31,0
CUST-0255,26,100.03,8,1,0.2,1
CUST-0256,26,1521.15,10,0,0.26,0
CUST-0257,20,6546.77,11,1,0.19,1
CUST-0258,29,231.87,14,1,0.12,1
CUST-0259,27,4497.71,7,0,0.28,0
CUST-0260,63,9529.58,6,1,0.33,1
CUST-0261,68,126.98,12,0,0.2,0
CUST-0262,60,4289.56,14,0,0.15,0
CUST-0263,47,1451.67,8,0,0.16,0
CUST-0264,18,4739.88,8,1,0.42,1
CUST-0265,3,1694.08,11,3,0.3,1
CUST-0266,34,2170.08,10,0,0.33,0
CUST-0267,63,1569.56,9,0,0.37,0
CUST-0268,48,3997.46,7,0,0.05,0
CUST-0269,16,2647.84,14,1,0.11,1
CUST-0270,43,1473.2,13,0,0.54,0
CUST-0271,29,4052.34,11,0,0.07,0
CUST-0272,45,562.83,10,0,0.19,0
CUST-0273,5,342.39,8,0,0.45,0
CUST-0274,36,349.66,11,0,0.22,0
CUST-0275,23,812.96,15,1,0.16,1
CUST-0276,45,545.43,9,1,0.24,1
CUST-0277,52,5321.1,12,0,0.24,0
CUST-0278,59,223.73,9,0,0.17,0
CUST-0279,62,2401.23,7,0,0.02,0
CUST-0280,31,419.52,12,0,0.11,0
CUST-0281,32,4268.0,15,0,0.24,0
CUST-0282,66,6504.62,10,0,0.18,0
CUST-0283,17,1252.73,16,0,0.41,0
CUST-0284,24,4225.11,6,0,0.23,0
CUST-0285,53,10.32,14,1,0.4,1
CUST-0286,57,3429.01,9,0,0.13,0
CUST-0287,66,519.16,16,1,0.36,0
CUST-0288,45,4787.24,5,1,0.11,1
CUST-0289,23,2.24,6,1,0.22,1
CUST-0290,31,1624.68,14,0,0.46,0
CUST-0291,46,2826.39,8,0,0.13,0
CUST-0292,22,598.67,8,0,0.34,0
CUST-0293,65,429.19,5,0,0.3,0
CUST-0294,26,175.69,9,0,0.14,0
CUST-0295,1,790.34,10,0,0.41,0
CUST-0296,16,1641.25,11,0,0.27,0
CUST-0297,32,246.24,7,2,0.47,1
CUST-0298,8,945.44,9,0,0.21,0
CUST-0299,42,18.23,9,1,0.6,1
CUST-0300,47,3414.98,12,0,0.62,0
CUST-0301,38,274.96,16,0,0.2,0
CUST-0302,41,666.32,10,1,0.6,1
CUST-0303,25,37.2,5,0,0.15,0
CUST-0304,49,1132.12,13,0,0.06,0
CUST-0305,24,3666.68,5,0,0.42,0
CUST-0306,23,995.66,17,1,0.1,1
CUST-0307,12,395.68,12,0,0.29,0
CUST-0308,59,2802.4,15,0,0.26,0
CUST-0309,6,3109.97,13,0,0.28,0
CUST-0310,56,381.72,8,0,0.29,0
CUST-0311,35,2946.79,6,0,0.14,0
CUST-0312,44,5886.2,11,1,0.24,1
CUST-0313,19,363.95,9,0,0.19,0
CUST-0314,64,2947.93,7,1,0.27,0
CUST-0315,7,2465.92,8,2,0.22,1
CUST-0316,15,1283.29,12,0,0.44,0
CUST-0317,13,119.33,11,0,0.23,1
CUST-0318,14,155.26,11,0,0.19,0
CUST-0319,65,3826.7,10,0,0.27,0
CUST-0320,31,9240.24,12,2,0.11,1
CUST-0321,62,2254.35,8,2,0.26,0
CUST-0322,50,1181.03,11,0,0.02,0
CUST-0323,24,2085.83,4,1,0.35,1
CUST-0324,57,1804.76,7,0,0.36,0
CUST-0325,62,967.76,11,0,0.21,0
CUST-0326,61,135.76,11,1,0.02,0
CUST-0327,21,3446.48,7,2,0.2,1
CUST-0328,57,929.9,14,0,0.5,0
CUST-0329,57,3416.15,10,0,0.1,0
CUST-0330,48,582.07,6,1,0.0,1
CUST-0331,51,2.06,8,1,0.37,1
CUST-0332,41,346.18,10,0,0.68,0
CUST-0333,69,1264.25,12,0,0.21,0
CUST-0334,14,5775.68,16,1,0.28,1
CUST-0335,53,215.6,7,0,0.26,0
CUST-0336,59,3851.17,9,0,0.15,0
CUST-0337,7,1497.42,13,0,0.35,0
CUST-0338,52,3496.49,13,0,0.12,0
CUST-0339,59,708.71,6,0,0.21,0
CUST-0340,4,3664.5,10,0,0.17,0
CUST-0341,67,2964.05,12,0,0.61,0
CUST-0342,5,522.87,9,1,0.14,1
CUST-0343,46,281.6,5,0,0.3,0
CUST-0344,54,4050.73,10,1,0.55,0
CUST-0345,39,6606.51,17,0,0.16,0
CUST-0346,51,63.61,7,2,0.55,1
CUST-0347,15,2628.1,15,0,0.45,0
CUST-0348,12,4805.35,7,0,0.21,0
CUST-0349,29,3894.86,12,1,0.08,1
CUST-0350,18,6677.6,12,0,0.17,0
CUST-0351,16,2855.02,9,1,0.16,1
CUST-0352,62,1167.86,13,1,0.26,1
CUST-0353,18,747.79,7,1,0.13,1
CUST-0354,57,773.51,11,0,0.28,0
CUST-0355,54,2577.77,13,1,0.3,0
CUST-0356,61,2739.56,10,0,0.42,0
CUST-0357,22,447.19,6,1,0.21,1
CUST-0358,8,4051.77,13,0,0.27,0
CUST-0359,11,2510.0,7,0,0.12,0
CUST-0360,0,1654.5,15,0,0.44,0
CUST-0361,57,1275.55,15,0,0.43,0
CUST-0362,0,1567.16,10,1,0.08,1
CUST-0363,33,346.91,10,0,0.66,0
CUST-0364,47,455.56,5,1,0.11,1
CUST-0365,0,191.18,8,0,0.46,0
CUST-0366,15,333.66,11,1,0.33,1
CUST-0367,60,1209.15,13,1,0.33,1
CUST-0368,63,1511.55,17,1,0.22,1
CUST-0369,62,36.05,12,0,0.47,0
CUST-0370,68,3187.11,9,0,0.16,0
CUST-0371,21,696.76,11,1,0.16,1
CUST-0372,66,4857.11,8,1,0.13,1
CUST-0373,25,6853.72,6,0,0.31,0
CUST-0374,15,410.26,9,0,0.55,0
CUST-0375,50,1240.16,10,1,0.27,0
CUST-0376,56,2.47,7,0,0.59,0
CUST-0377,28,1824.24,11,1,0.17,1
CUST-0378,68,1869.45,11,1,0.27,1
CUST-0379,46,568.81,8,0,0.05,0
CUST-0380,61,1634.76,10,0,0.27,0
CUST-0381,68,511.18,13,2,0.49,0
CUST-0382,15,350.67,12,0,0.17,0
CUST-0383,47,2108.35,8,0,0.32,0
CUST-0384,38,788.83,10,0,0.03,0
CUST-0385,32,1784.48,3,1,0.44,1
CUST-0386,22,1135.66,16,0,0.48,0
CUST-0387,9,8314.75,10,0,0.06,0
CUST-0388,68,324.05,11,0,0.25,0
CUST-0389,33,1249.48,9,0,0.46,0
CUST-0390,51,2281.72,7,0,0.2,0
CUST-0391,9,1006.86,14,0,0.12,0
CUST-0392,18,7353.89,7,0,0.3,0
CUST-0393,57,2559.46,12,0,0.42,0
CUST-0394,0,2139.96,9,0,0.4,0
CUST-0395,68,2829.88,13,0,0.2,0
CUST-0396,3,6100.32,8,0,0.56,0
CUST-0397,15,4767.99,9,0,0.05,0
CUST-0398,23,2576.78,13,0,0.33,0
CUST-0399,1,2765.89,6,0,0.53,0
CUST-0400,31,315.47,9,0,0.28,0
CUST-0401,23,216.94,10,2,0.19,1
CUST-0402,11,1692.15,11,0,0.23,0
CUST-0403,49,37.08,9,1,0.21,0
CUST-0404,34,1316.94,11,0,0.31,0
CUST-0405,32,472.33,11,0,0.25,0
CUST-0406,32,849.35,12,1,0.06,1
CUST-0407,60,2990.48,6,0,0.25,0
CUST-0408,50,5668.5,6,1,0.37,1
CUST-0409,42,150.34,14,0,0.09,0
CUST-0410,11,1528.18,1,0,0.19,1
CUST-0411,66,4283.2,6,0,0.35,0
CUST-0412,64,172.22,12,1,0.32,0
CUST-0413,32,3480.39,12,0,0.18,0
CUST-0414,39,885.72,10,1,0.3,1
CUST-0415,42,777.5,10,1,0.18,1
CUST-0416,43,7585.49,9,0,0.26,0
CUST-0417,28,448.44,6,1,0.26,1
CUST-0418,12,2363.08,11,0,0.62,0
CUST-0419,11,3445.67,5,0,0.18,0
CUST-0420,45,84.11,10,3,0.14,1
CUST-0421,1,2219.66,10,0,0.3,0
CUST-0422,34,6054.44,9,0,0.34,0
CUST-0423,7,265.28,10,1,0.26,1
CUST-0424,25,4530.99,17,1,0.35,1
CUST-0425,33,1806.63,12,3,0.22,1
CUST-0426,6,1917.38,8,0,0.35,0
CUST-0427,67,1898.37,10,0,0.26,0
CUST-0428,57,710.03,11,0,0.23,0
CUST-0429,28,5472.96,6,0,0.48,0
CUST-0430,35,5888.2,7,0,0.58,0
CUST-0431,20,1963.28,16,0,0.23,0
CUST-0432,35,3059.62,14,1,0.06,1
CUST-0433,9,1894.83,7,0,0.09,0
CUST-0434,23,1324.84,5,1,0.32,1
CUST-0435,63,2162.45,12,0,0.37,0
CUST-0436,48,1610.4,7,0,0.15,0
CUST-0437,35,1820.0,12,1,0.48,1
CUST-0438,23,3063.4,15,0,0.23,0
CUST-0439,22,1311.33,5,1,0.54,1
CUST-0440,61,83.22,7,1,0.31,1
CUST-0441,36,358.25,7,1,0.51,1
CUST-0442,11,1154.67,10,0,0.12,0
CUST-0443,54,2580.71,11,0,0.32,0
CUST-0444,12,1799.25,12,0,0.35,0
CUST-0445,22,2101.33,11,0,0.56,0
CUST-0446,29,1305.08,16,0,0.32,0
CUST-0447,16,1912.88,9,2,0.14,1
CUST-0448,61,798.02,10,0,0.12,0
CUST-0449,12,1270.45,10,0,0.39,0
CUST-0450,58,2727.34,12,0,0.17,0
CUST-0451,18,4108.84,11,1,0.34,1
CUST-0452,48,1137.1,12,2,0.35,1
CUST-0453,11,89.29,10,1,0.46,1
CUST-0454,60,352.69,5,0,0.31,0
CUST-0455,18,42.16,11,0,0.08,0
CUST-0456,8,2118.38,16,0,0.31,0
CUST-0457,70,807.88,13,0,0.18,0
CUST-0458,27,1563.86,9,0,0.43,0
CUST-0459,51,1359.58,11,1,0.6,0
CUST-0460,15,170.08,16,0,0.21,0
CUST-0461,68,1032.55,16,0,0.45,0
CUST-0462,11,498.36,12,1,0.1,1
CUST-0463,24,1083.94,12,2,0.43,1
CUST-0464,51,455.25,12,1,0.41,1
CUST-0465,52,3670.83,12,0,0.56,0
CUST-0466,22,382.79,15,1,0.28,1
CUST-0467,15,6477.17,13,0,0.12,0
CUST-0468,56,1075.39,7,0,0.1,0
CUST-0469,38,3744.79,12,0,0.15,0
CUST-0470,52,1981.84,7,1,0.08,1
CUST-0471,41,2658.7,13,1,0.15,1
CUST-0472,57,2919.66,15,1,0.38,0
CUST-0473,38,1405.77,9,0,0.34,0
CUST-0474,13,1567.46,9,1,0.56,1
CUST-0475,4,1443.08,7,0,0.36,1
CUST-0476,34,1773.75,11,0,0.27,0
CUST-0477,17,59.67,9,1,0.34,1
CUST-0478,8,1006.76,8,1,0.13,1
CUST-0479,57,1863.77,9,0,0.33,0
CUST-0480,16,1821.23,8,1,0.53,1
CUST-0481,6,3149.65,9,2,0.15,1
CUST-0482,45,2128.48,13,0,0.53,0
CUST-0483,12,9690.24,14,0,0.28,0
CUST-0484,39,667.74,13,2,0.15,1
CUST-0485,41,889.92,14,0,0.27,0
CUST-0486,8,968.52,14,0,0.09,1
CUST-0487,49,1254.02,10,1,0.39,0
CUST-0488,26,3615.75,13,0,0.1,0
CUST-0489,65,537.83,10,0,0.15,0
CUST-0490,4,2992.22,11,1,0.63,1
CUST-0491,28,1039.43,11,1,0.23,1
CUST-0492,36,1841.88,10,0,0.1,0
CUST-0493,37,2002.28,7,2,0.28,0
CUST-0494,7,933.13,12,0,0.32,0
CUST-0495,64,1437.4,9,0,0.39,0
CUST-0496,16,1065.57,5,0,0.58,0
CUST-0497,70,143.28,12,1,0.22,0
CUST-0498,44,1149.54,13,0,0.27,0
CUST-0499,3,204.94,13,0,0.4,0
CUST-0500,35,1038.46,16,0,0.19,0
CUST-0501,69,1797.48,10,0,0.02,0
CUST-0502,30,1732.22,12,0,0.55,0
CUST-0503,18,2173.1,7,0,0.31,0
CUST-0504,60,200.22,13,1,0.3,0
CUST-0505,53,2111.81,9,0,0.26,0
CUST-0506,38,748.36,7,2,0.2,1
CUST-0507,18,1018.47,15,0,0.66,0
CUST-0508,38,3903.66,13,0,0.39,0
CUST-0509,66,18.14,10,0,0.16,0
CUST-0510,44,1775.47,14,0,0.26,0
CUST-0511,12,1826.16,10,0,0.18,0
CUST-0512,57,1010.55,10,1,0.16,0
CUST-0513,19,541.07,12,0,0.2,0
CUST-0514,71,534.91,10,0,0.44,0
CUST-0515,60,4303.33,10,0,0.03,0
CUST-0516,38,1166.88,8,1,0.13,1
CUST-0517,0,803.61,8,2,0.48,1
CUST-0518,2,1191.23,6,0,0.35,0
CUST-0519,61,2213.63,11,2,0.43,1
CUST-0520,62,315.08,7,1,0.52,0
CUST-0521,24,1193.62,6,1,0.01,1
CUST-0522,55,1772.9,8,0,0.29,0
CUST-0523,32,5935.59,12,1,0.34,1
CUST-0524,37,582.12,12,0,0.17,0
CUST-0525,5,890.23,13,0,0.38,0
CUST-0526,57,954.0,8,2,0.12,1
CUST-0527,43,1860.47,11,0,0.29,0
CUST-0528,44,882.39,10,1,0.32,1
CUST-0529,31,1525.05,13,0,0.32,0
CUST-0530,44,3044.6,9,1,0.26,1
CUST-0531,60,2444.18,7,0,0.16,0
CUST-0532,46,1182.51,14,0,0.33,0
CUST-0533,20,3993.38,12,0,0.38,0
CUST-0534,35,1633.53,10,1,0.16,1
CUST-0535,18,1552.65,7,1,0.2,1
CUST-0536,19,69.57,8,0,0.34,0
CUST-0537,56,8638.93,10,0,0.32,0
CUST-0538,17,262.43,9,1,0.45,1
CUST-0539,46,525.67,11,2,0.52,1
CUST-0540,48,106.16,8,1,0.4,0
CUST-0541,13,2043.32,7,1,0.36,1
CUST-0542,14,509.01,14,0,0.68,0
CUST-0543,30,396.93,11,1,0.18,1
CUST-0544,0,185.45,9,0,0.25,0
CUST-0545,53,218.09,3,2,0.37,1
CUST-0546,2,1757.37,16,1,0.04,1
CUST-0547,15,2330.84,9,0,0.19,0
CUST-0548,56,1012.93,5,0,0.03,0
CUST-0549,11,1307.46,9,0,0.07,1
CUST-0550,15,2316.52,10,1,0.12,1
CUST-0551,71,35.07,12,0,0.16,0
CUST-0552,23,780.55,12,0,0.24,0
CUST-0553,27,7231.09,9,0,0.23,0
CUST-0554,7,1735.54,7,0,0.22,0
CUST-0555,35,586.66,9,1,0.37,1
CUST-0556,7,1475.16,14,2,0.18,0
CUST-0557,57,839.09,13,1,0.22,1
CUST-0558,59,1519.62,9,0,0.32,0
CUST-0559,49,268.76,9,0,0.15,0
CUST-0560,27,284.77,7,0,0.13,0
CUST-0561,40,309.9,12,0,0.17,0
CUST-0562,63,5620.82,10,1,0.56,0
CUST-0563,26,2640.26,6,1,0.29,1
CUST-0564,62,354.39,9,1,0.12,1
CUST-0565,16,417.37,10,0,0.07,0
CUST-0566,32,2624.82,12,0,0.35,0
CUST-0567,28,339.59,10,0,0.19,0
CUST-0568,12,534.61,10,0,0.43,0
CUST-0569,45,6612.51,11,1,0.5,1
CUST-0570,34,589.57,13,1,0.26,1
CUST-0571,5,2167.24,6,1,0.22,1
CUST-0572,68,7691.65,10,0,0.27,0
CUST-0573,46,937.76,9,2,0.11,1
CUST-0574,24,35.34,13,0,0.19,0
CUST-0575,65,559.82,9,0,0.15,0
CUST-0576,9,3554.26,10,0,0.1,0
CUST-0577,55,3999.17,9,1,0.09,1
CUST-0578,29,2926.52,5,0,0.5,0
CUST-0579,4,240.07,13,0,0.12,0
CUST-0580,32,3174.48,13,0,0.51,0
CUST-0581,64,5018.67,11,1,0.29,0
CUST-0582,17,1835.63,9,0,0.3,0
CUST-0583,48,5656.21,4,1,0.15,1
CUST-0584,10,3507.07,15,0,0.27,0
CUST-0585,25,2199.05,8,0,0.58,0
CUST-0586,62,1721.64,10,0,0.61,0
CUST-0587,58,857.18,16,0,0.17,0
CUST-0588,26,347.01,9,0,0.12,0
CUST-0589,48,1857.51,12,1,0.26,1
CUST-0590,32,765.78,6,1,0.44,1
CUST-0591,0,4026.39,9,2,0.49,1
CUST-0592,20,10022.35,11,1,0.57,1
CUST-0593,54,2792.11,10,1,0.35,0
CUST-0594,5,189.68,10,1,0.08,1
CUST-0595,68,681.28,14,0,0.34,0
CUST-0596,4,231.07,14,0,0.15,0
CUST-0597,2,2102.57,20,1,0.35,1
CUST-0598,52,2897.96,10,0,0.03,0
CUST-0599,22,5198.61,13,0,0.12,0
CUST-0600,52,1153.12,7,0,0.29,0
CUST-0601,36,4632.87,11,1,0.2,1
CUST-0602,16,4205.68,17,0,0.34,0
CUST-0603,0,763.09,12,1,0.46,1
CUST-0604,50,4063.6,6,0,0.45,0
CUST-0605,44,942.16,9,0,0.44,0
CUST-0606,3,704.42,15,2,0.06,1
CUST-0607,61,2094.36,11,0,0.22,0
CUST-0608,64,796.13,11,0,0.23,0
CUST-0609,31,1989.63,12,0,0.37,0
CUST-0610,33,1882.35,11,0,0.38,0
CUST-0611,71,1657.65,4,1,0.26,1
CUST-0612,38,957.43,15,1,0.09,1
CUST-0613,25,1590.36,7,1,0.17,1
CUST-0614,33,1815.09,11,0,0.49,0
CUST-0615,53,1577.94,9,0,0.26,0
CUST-0616,2,1175.48,14,0,0.4,0
CUST-0617,49,29.55,7,2,0.22,1
CUST-0618,11,1768.91,12,0,0.38,0
CUST-0619,64,368.91,13,0,0.67,0
CUST-0620,53,2057.66,8,1,0.63,1
CUST-0621,4,2848.78,9,0,0.08,0
CUST-0622,56,1388.08,15,0,0.28,0
CUST-0623,16,1563.36,10,0,0.36,0
CUST-0624,46,6051.5,9,1,0.16,1
CUST-0625,22,3756.82,10,1,0.05,1
CUST-0626,13,4912.32,16,0,0.13,0
CUST-0627,65,3361.51,9,2,0.32,1
CUST-0628,50,230.64,5,0,0.46,0
CUST-0629,37,322.67,6,0,0.48,0
CUST-0630,63,1495.73,11,1,0.43,1
CUST-0631,37,564.91,9,0,0.52,0
CUST-0632,49,1295.18,13,4,0.13,1
CUST-0633,29,1002.96,12,0,0.25,0
CUST-0634,50,1594.41,6,0,0.06,0
CUST-0635,62,2747.75,13,0,0.38,0
CUST-0636,51,2513.98,8,0,0.07,0
CUST-0637,37,1473.09,9,0,0.44,0
CUST-0638,29,3456.37,8,0,0.29,0
CUST-0639,50,1127.27,7,0,0.43,0
CUST-0640,4,4540.51,12,0,0.28,0
CUST-0641,28,147.9,3,0,0.51,0
CUST-0642,3,6187.13,11,0,0.4,0
CUST-0643,9,2126.64,16,0,0.18,0
CUST-0644,55,956.31,10,1,0.24,1
CUST-0645,16,439.19,11,0,0.22,0
CUST-0646,16,1304.71,12,1,0.03,1
CUST-0647,68,432.73,6,0,0.35,0
CUST-0648,33,363.84,9,0,0.21,0
CUST-0649,5,1921.28,13,0,0.15,0
CUST-0650,52,1480.83,12,1,0.36,1
CUST-0651,65,2217.91,14,1,0.24,0
CUST-0652,42,5307.29,12,0,0.24,0
CUST-0653,22,1519.69,6,0,0.04,0
CUST-0654,54,1739.44,10,0,0.12,0
CUST-0655,15,187.8,15,0,0.02,0
CUST-0656,7,2529.12,11,0,0.2,0
CUST-0657,3,1021.34,9,0,0.36,1
CUST-0658,3,7520.77,15,1,0.35,1
CUST-0659,55,3465.18,12,1,0.13,0
CUST-0660,24,1478.3,10,0,0.19,0
CUST-0661,66,263.0,11,0,0.13,0
CUST-0662,66,3923.9,11,0,0.17,0
CUST-0663,26,3216.69,7,1,0.33,1
CUST-0664,31,408.12,10,1,0.56,0
CUST-0665,49,699.9,8,1,0.21,1
CUST-0666,60,3154.01,13,1,0.41,1
CUST-0667,50,409.7,12,0,0.17,0
CUST-0668,18,4996.04,13,0,0.29,0
CUST-0669,20,1105.13,9,0,0.61,0
CUST-0670,4,182.12,10,1,0.13,1
CUST-0671,41,3382.91,13,0,0.02,0
CUST-0672,60,935.24,11,0,0.32,0
CUST-0673,21,1495.2,12,0,0.22,0
CUST-0674,20,238.25,13,0,0.5,0
CUST-0675,69,5.17,11,1,0.54,1
CUST-0676,0,2032.14,13,1,0.12,1
CUST-0677,4,1447.94,8,0,0.2,0
CUST-0678,11,1800.53,12,1,0.69,1
CUST-0679,45,3157.27,7,0,0.14,0
CUST-0680,33,2080.34,11,1,0.06,1
CUST-0681,48,384.19,7,0,0.16,0
CUST-0682,44,894.99,16,1,0.2,1
CUST-0683,26,4726.61,8,0,0.53,0
CUST-0684,25,2938.87,9,2,0.38,1
CUST-0685,46,1626.73,8,0,0.31,0
CUST-0686,55,590.47,8,0,0.24,0
CUST-0687,62,719.25,8,2,0.16,0
CUST-0688,47,2633.22,11,0,0.08,0
CUST-0689,60,3809.96,11,0,0.4,0
CUST-0690,25,2225.98,8,1,0.01,1
CUST-0691,35,3316.52,11,2,0.19,1
CUST-0692,0,2910.48,8,0,0.29,0
CUST-0693,7,324.34,12,0,0.46,0
CUST-0694,51,1103.1,8,0,0.1,0
CUST-0695,46,332.07,13,0,0.69,0
CUST-0696,55,536.37,6,0,0.12,0
CUST-0697,13,4069.08,14,1,0.44,1
CUST-0698,27,1280.7,9,0,0.23,0
CUST-0699,1,1532.98,6,0,0.25,0
CUST-0700,25,393.12,12,0,0.52,0
CUST-0701,13,748.72,8,1,0.32,1
CUST-0702,58,523.37,15,0,0.1,0
CUST-0703,55,461.81,15,0,0.48,0
CUST-0704,6,2032.01,8,0,0.42,1
CUST-0705,2,593.81,8,0,0.23,0
CUST-0706,22,1999.43,16,0,0.12,0
CUST-0707,17,120.47,10,2,0.26,1
CUST-0708,37,305.78,7,2,0.19,1
CUST-0709,14,641.9,14,0,0.3,0
CUST-0710,63,1817.87,13,1,0.73,0
CUST-0711,27,2253.04,8,2,0.25,1
CUST-0712,38,1169.36,9,2,0.25,1
CUST-0713,56,1180.43,16,0,0.15,0
CUST-0714,16,2578.46,6,0,0.25,0
CUST-0715,43,31.9,17,0,0.23,0
CUST-0716,24,834.34,12,1,0.2,1
CUST-0717,16,3415.28,11,0,0.31,0
CUST-0718,12,1848.74,9,0,0.21,0
CUST-0719,24,822.65,7,3,0.3,1
CUST-0720,67,4718.84,11,2,0.43,1
CUST-0721,9,2962.29,14,0,0.18,0
CUST-0722,66,615.49,12,0,0.38,0
CUST-0723,17,2072.91,5,1,0.73,1
CUST-0724,33,1811.45,13,0,0.55,0
CUST-0725,7,1025.61,4,1,0.44,1
CUST-0726,39,914.43,5,0,0.48,0
CUST-0727,41,841.85,11,1,0.29,1
CUST-0728,40,1920.25,9,1,0.66,0
CUST-0729,5,1168.26,7,0,0.15,1
CUST-0730,51,3565.95,5,1,0.18,1
CUST-0731,25,2214.92,10,0,0.06,0
CUST-0732,63,144.99,6,1,0.17,1
CUST-0733,58,2044.24,13,2,0.18,0
CUST-0734,55,632.57,9,0,0.12,0
CUST-0735,58,1796.96,11,1,0.27,0
CUST-0736,69,2279.69,6,0,0.36,0
CUST-0737,32,524.88,8,0,0.39,0
CUST-0738,52,1220.77,4,0,0.31,0
CUST-0739,21,422.24,8,0,0.56,0
CUST-0740,20,107.52,11,1,0.42,1
CUST-0741,69,951.16,14,0,0.45,0
CUST-0742,69,901.8,7,2,0.04,0
CUST-0743,3,10798.7,13,0,0.27,0
CUST-0744,61,1182.45,12,1,0.29,1
CUST-0745,61,811.64,7,2,0.19,0
CUST-0746,23,1737.26,16,0,0.36,0
CUST-0747,54,185.91,8,1,0.07,0
CUST-0748,8,6522.82,9,1,0.44,1
CUST-0749,2,2015.5,10,0,0.61,0
CUST-0750,30,2811.67,8,0,0.3,0
CUST-0751,39,373.81,8,0,0.18,0
CUST-0752,35,1053.5,6,0,0.69,0
CUST-0753,23,1098.75,10,0,0.12,0
CUST-0754,5,3449.77,5,0,0.08,0
CUST-0755,65,2.47,19,1,0.14,1
CUST-0756,3,715.79,8,1,0.35,1
CUST-0757,5,7951.67,9,1,0.33,1
CUST-0758,50,1288.28,8,1,0.27,1
CUST-0759,61,964.24,8,0,0.53,0
CUST-0760,56,255.28,13,0,0.46,0
CUST-0761,65,7312.02,9,0,0.25,0
CUST-0762,7,40.46,11,1,0.29,1
CUST-0763,25,2672.57,16,2,0.25,1
CUST-0764,50,2927.21,10,1,0.4,1
CUST-0765,44,558.52,7,0,0.49,0
CUST-0766,43,2226.79,8,0,0.19,0
CUST-0767,4,195.07,11,2,0.37,1
CUST-0768,69,594.25,12,0,0.06,0
CUST-0769,25,3101.41,8,1,0.06,1
CUST-0770,67,4000.32,13,1,0.28,1
CUST-0771,18,1875.47,6,0,0.42,0
CUST-0772,19,1413.84,11,1,0.07,1
CUST-0773,11,347.05,7,2,0.2,1
CUST-0774,46,130.38,9,0,0.34,0
CUST-0775,0,250.33,7,2,0.52,1
CUST-0776,13,515.88,15,1,0.49,1
CUST-0777,63,836.11,13,0,0.2,0
CUST-0778,37,959.01,11,1,0.3,1
CUST-0779,36,850.28,12,1,0.31,1
CUST-0780,10,546.39,13,1,0.08,1
CUST-0781,2,1425.57,6,0,0.08,0
CUST-0782,32,3489.21,4,1,0.7,1
CUST-0783,5,656.18,8,0,0.08,0
CUST-0784,49,5708.01,8,0,0.41,0
CUST-0785,9,4132.45,7,0,0.15,0
CUST-0786,4,352.91,13,1,0.48,1
CUST-0787,22,3086.14,7,0,0.19,0
CUST-0788,9,1709.39,9,0,0.31,0
CUST-0789,43,1672.07,10,0,0.31,0
CUST-0790,1,992.01,13,0,0.12,0
CUST-0791,12,1390.91,10,0,0.03,0
CUST-0792,39,1012.27,5,0,0.3,0
CUST-0793,1,1551.9,6,2,0.4,1
CUST-0794,64,1977.45,8,0,0.56,0
CUST-0795,62,2243.58,5,0,0.03,0
CUST-0796,16,1520.63,7,0,0.21,0
CUST-0797,8,2556.11,11,0,0.13,0
CUST-0798,14,304.62,8,0,0.32,0
CUST-0799,23,476.47,10,0,0.55,0
CUST-0800,37,3415.59,10,0,0.18,0
CUST-0801,34,778.77,7,0,0.07,1
CUST-0802,48,46.32,15,0,0.36,0
CUST-0803,68,333.98,12,0,0.48,0
CUST-0804,61,506.21,9,0,0.63,0
CUST-0805,59,6308.19,11,0,0.07,0
CUST-0806,49,1702.14,13,0,0.15,0
CUST-0807,8,5398.1,8,0,0.05,0
CUST-0808,33,1712.1,6,0,0.82,0
CUST-0809,34,1305.37,11,0,0.61,0
CUST-0810,0,752.96,13,0,0.24,1
CUST-0811,39,1864.69,10,0,0.3,0
CUST-0812,63,299.78,10,0,0.36,0
CUST-0813,21,4570.7,10,1,0.28,1
CUST-0814,59,3536.08,6,0,0.11,0
CUST-0815,63,764.08,13,1,0.19,1
CUST-0816,71,6106.62,13,0,0.06,0
CUST-0817,10,3488.23,9,2,0.3,1
CUST-0818,13,2195.07,12,0,0.32,0
CUST-0819,59,259.68,11,0,0.29,0
CUST-0820,29,1301.07,9,0,0.55,0
CUST-0821,34,1410.88,6,0,0.17,0
CUST-0822,36,529.37,11,0,0.22,0
CUST-0823,4,166.69,7,0,0.17,0
CUST-0824,25,2998.69,10,2,0.54,1
CUST-0825,61,260.3,11,1,0.41,0
CUST-0826,3,1804.24,13,1,0.05,1
CUST-0827,41,5511.83,10,0,0.17,0
CUST-0828,17,4176.64,8,0,0.21,0
CUST-0829,39,650.78,18,0,0.24,0
CUST-0830,71,3813.65,16,0,0.38,0
CUST-0831,38,0.67,9,1,0.49,1
CUST-0832,13,35.69,16,0,0.49,0
CUST-0833,31,1845.39,12,0,0.18,0
CUST-0834,50,907.63,7,0,0.11,0
CUST-0835,37,977.02,7,4,0.05,1
CUST-0836,22,1662.25,12,0,0.13,0
CUST-0837,62,425.85,11,0,0.25,0
CUST-0838,14,475.89,6,1,0.29,1
CUST-0839,24,1325.63,11,0,0.33,0
CUST-0840,16,2806.91,14,1,0.12,1
CUST-0841,65,1932.53,12,0,0.22,0
CUST-0842,52,705.81,11,1,0.32,1
CUST-0843,50,1125.42,9,0,0.37,0
CUST-0844,38,374.26,11,1,0.1,1
CUST-0845,50,155.12,10,1,0.5,1
CUST-0846,69,3052.92,6,0,0.14,0
CUST-0847,5,616.82,14,1,0.23,1
CUST-0848,66,391.46,12,0,0.11,0
CUST-0849,6,2352.83,8,1,0.35,1
CUST-0850,50,1924.94,11,0,0.05,0
CUST-0851,71,2005.82,7,0,0.47,0
CUST-0852,41,519.86,5,0,0.49,0
CUST-0853,63,529.61,8,0,0.18,0
CUST-0854,14,498.98,9,0,0.31,0
CUST-0855,28,381.72,14,2,0.41,1
CUST-0856,32,2132.62,6,0,0.3,0
CUST-0857,26,3767.96,16,0,0.27,0
CUST-0858,35,2577.01,10,0,0.4,0
CUST-0859,28,3141.33,8,1,0.32,1
CUST-0860,37,1037.71,15,1,0.68,1
CUST-0861,56,2123.07,8,0,0.08,0
CUST-0862,26,874.64,6,0,0.42,0
CUST-0863,54,1491.01,10,0,0.37,0
CUST-0864,32,1314.15,9,1,0.42,1
CUST-0865,67,389.32,9,0,0.34,0
CUST-0866,65,979.04,6,1,0.34,0
CUST-0867,9,6638.62,9,0,0.29,0
CUST-0868,4,571.58,10,0,0.31,0
CUST-0869,37,287.29,10,0,0.34,0
CUST-0870,12,1084.57,10,0,0.23,0
CUST-0871,30,3124.51,11,1,0.08,1
CUST-0872,46,1745.26,9,0,0.49,0
CUST-0873,51,2284.97,12,0,0.25,0
CUST-0874,55,420.69,11,2,0.3,1
CUST-0875,14,1929.64,13,0,0.08,0
CUST-0876,28,781.65,13,1,0.29,1
CUST-0877,7,3595.19,13,1,0.11,1
CUST-0878,4,1984.72,10,1,0.15,1
CUST-0879,28,443.43,7,0,0.49,0
CUST-0880,46,133.6,10,0,0.11,0
CUST-0881,67,87.14,8,0,0.3,0
CUST-0882,44,928.55,8,1,0.17,1
CUST-0883,1,618.09,11,1,0.06,1
CUST-0884,26,2077.43,4,1,0.57,0
CUST-0885,35,1383.63,10,0,0.28,0
CUST-0886,35,618.55,9,0,0.06,0
CUST-0887,25,323.25,11,2,0.09,1
CUST-0888,42,272.1,13,0,0.52,0
CUST-0889,26,3999.94,16,0,0.42,0
CUST-0890,68,558.05,12,0,0.29,0
CUST-0891,19,2109.44,9,1,0.07,1
CUST-0892,10,3328.7,13,0,0.3,0
CUST-0893,37,1904.26,11,1,0.31,1
CUST-0894,5,3926.02,13,1,0.1,1
CUST-0895,71,996.46,4,0,0.37,0
CUST-0896,22,6257.26,4,0,0.18,0
CUST-0897,46,285.77,5,0,0.19,0
CUST-0898,45,215.5,16,0,0.27,0
CUST-0899,11,2149.94,11,0,0.62,0
CUST-0900,12,5723.49,9,0,0.27,0
CUST-0901,61,3309.74,9,1,0.49,0
CUST-0902,59,158.99,6,0,0.19,0
CUST-0903,42,655.25,7,0,0.44,0
CUST-0904,67,5327.65,10,1,0.42,1
CUST-0905,4,583.54,14,2,0.49,1
CUST-0906,36,3038.92,6,0,0.06,0
CUST-0907,71,3487.45,12,0,0.17,0
CUST-0908,30,1368.19,5,0,0.28,0
CUST-0909,8,976.66,7,2,0.53,1
CUST-0910,50,1196.13,10,0,0.08,0
CUST-0911,28,514.86,11,1,0.38,1
CUST-0912,39,4403.51,10,0,0.27,0
CUST-0913,40,1197.93,9,0,0.44,0
CUST-0914,10,4281.94,10,0,0.14,0
CUST-0915,22,223.41,10,1,0.19,1
CUST-0916,0,8892.11,7,0,0.23,1
CUST-0917,45,1171.36,9,1,0.04,1
CUST-0918,20,98.03,7,1,0.41,1
CUST-0919,35,77.53,8,0,0.29,0
CUST-0920,53,2742.47,11,1,0.13,1
CUST-0921,56,2151.95,10,0,0.15,0
CUST-0922,0,3240.3,15,0,0.2,0
CUST-0923,62,222.68,13,0,0.25,0
CUST-0924,53,72.44,8,0,0.23,0
CUST-0925,54,1420.91,11,3,0.52,1
CUST-0926,39,980.72,11,0,0.29,0
CUST-0927,14,1239.6,5,0,0.29,0
CUST-0928,20,9556.29,7,1,0.17,1
CUST-0929,46,7063.75,14,1,0.54,1
CUST-0930,52,5705.53,9,0,0.12,0
CUST-0931,8,3063.5,8,0,0.34,0
CUST-0932,51,876.52,4,2,0.49,1
CUST-0933,56,1062.5,16,0,0.25,0
CUST-0934,25,1595.31,9,1,0.26,1
CUST-0935,40,3550.21,6,0,0.08,0
CUST-0936,34,142.38,8,0,0.37,0
CUST-0937,62,1104.33,10,0,0.51,0
CUST-0938,24,172.46,11,0,0.58,0
CUST-0939,37,1445.8,6,0,0.15,0
CUST-0940,1,4583.31,7,0,0.11,1
CUST-0941,6,3050.97,9,0,0.22,0
CUST-0942,33,517.13,8,3,0.18,1
CUST-0943,16,7458.64,10,0,0.08,0
CUST-0944,42,2201.33,7,0,0.05,0
CUST-0945,58,20.96,15,1,0.15,1
CUST-0946,50,589.85,9,0,0.12,0
CUST-0947,53,604.14,11,1,0.49,0
CUST-0948,23,143.54,6,0,0.09,0
CUST-0949,24,6429.1,12,2,0.18,1
CUST-0950,70,1301.15,5,2,0.08,1
CUST-0951,51,4523.17,12,0,0.2,0
CUST-0952,69,777.85,3,0,0.46,0
CUST-0953,32,267.6,13,1,0.26,1
CUST-0954,48,1286.19,11,1,0.04,1
CUST-0955,28,241.98,5,0,0.2,0
CUST-0956,62,1331.12,6,1,0.21,1
CUST-0957,21,5058.9,11,0,0.18,0
CUST-0958,25,1471.14,11,0,0.45,0
CUST-0959,27,1916.83,8,0,0.53,0
CUST-0960,48,340.72,9,1,0.55,1
CUST-0961,70,89.44,11,0,0.28,0
CUST-0962,48,234.88,8,0,0.67,0
CUST-0963,19,1825.25,10,1,0.37,1
CUST-0964,62,199.67,12,0,0.06,0
CUST-0965,60,943.19,13,1,0.27,1
CUST-0966,48,1597.42,12,1,0.32,0
CUST-0967,70,984.18,10,0,0.01,0
CUST-0968,0,357.5,10,0,0.16,1
CUST-0969,12,639.84,11,1,0.13,1
CUST-0970,50,5271.02,4,0,0.06,0
CUST-0971,55,2253.91,11,1,0.31,0
CUST-0972,61,1370.55,6,0,0.07,0
CUST-0973,31,25.59,8,0,0.42,0
CUST-0974,29,9763.27,12,1,0.3,1
CUST-0975,28,2226.16,8,0,0.34,0
CUST-0976,48,762.29,11,0,0.3,0
CUST-0977,44,4228.38,8,0,0.25,0
CUST-0978,29,597.98,7,3,0.23,1
CUST-0979,15,1570.6,8,1,0.48,1
CUST-0980,39,2021.59,9,1,0.33,1
CUST-0981,18,499.65,10,0,0.19,0
CUST-0982,17,7669.87,9,1,0.36,1
CUST-0983,0,2758.18,15,1,0.41,1
CUST-0984,46,1632.05,12,1,0.47,1
CUST-0985,65,398.35,8,1,0.21,1
CUST-0986,37,110.73,15,0,0.38,0
CUST-0987,50,771.5,5,0,0.15,0
CUST-0988,62,2798.25,5,0,0.14,0
CUST-0989,3,627.59,11,0,0.45,0
CUST-0990,0,1551.13,9,1,0.25,1
CUST-0991,7,2603.52,7,0,0.12,0
CUST-0992,28,228.45,8,2,0.2,1
CUST-0993,54,2312.26,6,1,0.12,1
CUST-0994,2,192.74,8,0,0.51,0
CUST-0995,31,6712.24,13,0,0.12,0
CUST-0996,9,1340.4,8,0,0.57,0
CUST-0997,33,326.63,8,3,0.32,1
CUST-0998,54,838.27,7,0,0.26,0
CUST-0999,31,1066.88,9,0,0.18,0
CUST-1000,49,2839.16,11,0,0.21,0
